{"cameraMode":{"drawMode":0,"name":"Shaded","section":"Shading Mode"},"sceneLighting":false,"audioPlay":false,"sceneViewState":{"showFog":true,"showMaterialUpdate":true,"showSkybox":false,"showFlares":true,"showImageEffects":true,"showParticleSystems":true},"in2DMode":false,"pivot":{"x":-4.47542667388916,"y":-2.4783294200897219,"z":-5.126378059387207},"rotation":{"x":-0.08973993360996247,"y":0.8942132592201233,"z":-0.20778028666973115,"w":-0.38620927929878237},"size":6.292605876922607,"orthographic":false}